codigo_distrito;ano;faixa_etaria;homens;mulheres;total
80001;2021;00 a 04;2.168;2.074;4242
80001;2021;05 a 09;2.382;2.282;4664
80001;2021;10 a 14;1.997;1.934;3931
80001;2021;15 a 19;1.976;1.993;3969
80001;2021;20 a 24;2.387;2.274;4661
80001;2021;25 a 29;2.565;2.594;5159
80001;2021;30 a 34;2.963;3.001;5964
80001;2021;35 a 39;3.213;3.276;6489
80001;2021;40 a 44;3.103;3.516;6619
80001;2021;45 a 49;2.817;3.138;5955
80001;2021;50 a 54;2.479;3.036;5515
80001;2021;55 a 59;2.548;3.165;5713
80001;2021;60 a 64;2.378;3.044;5422
80001;2021;65 a 69;1.888;2.639;4527
80001;2021;70 a 74;1.372;2.202;3574
80001;2021;75 e +;1.934;3.926;5860
80002;2021;00 a 04;775;740;1515
80002;2021;05 a 09;860;819;1679
80002;2021;10 a 14;837;837;1674
80002;2021;15 a 19;870;857;1727
80002;2021;20 a 24;1.035;975;2010
80002;2021;25 a 29;1.204;1.139;2343
80002;2021;30 a 34;1.342;1.433;2775
80002;2021;35 a 39;1.354;1.605;2959
80002;2021;40 a 44;1.475;1.775;3250
80002;2021;45 a 49;1.312;1.638;2950
80002;2021;50 a 54;1.230;1.594;2824
80002;2021;55 a 59;1.348;1.772;3120
80002;2021;60 a 64;1.254;1.694;2948
80002;2021;65 a 69;1.134;1.538;2672
80002;2021;70 a 74;910;1.348;2258
80002;2021;75 e +;1.532;2.472;4004
80003;2021;00 a 04;3.076;2.936;6012
80003;2021;05 a 09;2.964;2.835;5799
80003;2021;10 a 14;2.844;2.764;5608
80003;2021;15 a 19;3.229;3.116;6345
80003;2021;20 a 24;4.086;3.983;8069
80003;2021;25 a 29;3.994;4.131;8125
80003;2021;30 a 34;3.787;3.946;7733
80003;2021;35 a 39;3.365;3.656;7021
80003;2021;40 a 44;3.104;3.432;6536
80003;2021;45 a 49;3.011;3.335;6346
80003;2021;50 a 54;2.936;2.991;5927
80003;2021;55 a 59;2.258;2.399;4657
80003;2021;60 a 64;1.599;1.708;3307
80003;2021;65 a 69;1.030;1.157;2187
80003;2021;70 a 74;586;665;1251
80003;2021;75 e +;411;686;1097
80004;2021;00 a 04;2.448;2.343;4791
80004;2021;05 a 09;2.587;2.477;5064
80004;2021;10 a 14;2.371;2.283;4654
80004;2021;15 a 19;2.540;2.468;5008
80004;2021;20 a 24;3.065;3.014;6079
80004;2021;25 a 29;3.086;3.047;6133
80004;2021;30 a 34;3.310;3.340;6650
80004;2021;35 a 39;3.383;3.607;6990
80004;2021;40 a 44;3.085;3.438;6523
80004;2021;45 a 49;2.840;3.208;6048
80004;2021;50 a 54;2.728;3.053;5781
80004;2021;55 a 59;2.420;2.919;5339
80004;2021;60 a 64;2.170;2.715;4885
80004;2021;65 a 69;1.690;2.315;4005
80004;2021;70 a 74;1.262;1.933;3195
80004;2021;75 e +;1.637;2.965;4602
80005;2021;00 a 04;2.875;2.746;5621
80005;2021;05 a 09;3.059;2.924;5983
80005;2021;10 a 14;2.824;2.775;5599
80005;2021;15 a 19;2.951;2.879;5830
80005;2021;20 a 24;3.553;3.481;7034
80005;2021;25 a 29;3.616;3.613;7229
80005;2021;30 a 34;3.850;4.077;7927
80005;2021;35 a 39;4.153;4.470;8623
80005;2021;40 a 44;3.971;4.378;8349
80005;2021;45 a 49;3.434;3.929;7363
80005;2021;50 a 54;2.873;3.450;6323
80005;2021;55 a 59;2.647;3.264;5911
80005;2021;60 a 64;2.247;3.082;5329
80005;2021;65 a 69;1.853;2.737;4590
80005;2021;70 a 74;1.363;2.239;3602
80005;2021;75 e +;1.645;3.082;4727
80006;2021;00 a 04;477;458;935
80006;2021;05 a 09;532;510;1042
80006;2021;10 a 14;400;434;834
80006;2021;15 a 19;380;419;799
80006;2021;20 a 24;414;431;845
80006;2021;25 a 29;489;457;946
80006;2021;30 a 34;591;665;1256
80006;2021;35 a 39;705;820;1525
80006;2021;40 a 44;695;825;1520
80006;2021;45 a 49;618;704;1322
80006;2021;50 a 54;481;541;1022
80006;2021;55 a 59;410;540;950
80006;2021;60 a 64;394;514;908
80006;2021;65 a 69;322;444;766
80006;2021;70 a 74;242;403;645
80006;2021;75 e +;310;717;1027
80007;2021;00 a 04;1.925;1.832;3757
80007;2021;05 a 09;2.138;2.034;4172
80007;2021;10 a 14;1.513;1.496;3009
80007;2021;15 a 19;1.322;1.273;2595
80007;2021;20 a 24;1.431;1.393;2824
80007;2021;25 a 29;1.771;1.787;3558
80007;2021;30 a 34;3.171;3.078;6249
80007;2021;35 a 39;4.417;4.338;8755
80007;2021;40 a 44;4.050;3.916;7966
80007;2021;45 a 49;3.026;3.006;6032
80007;2021;50 a 54;2.440;2.530;4970
80007;2021;55 a 59;2.105;2.374;4479
80007;2021;60 a 64;1.786;2.359;4145
80007;2021;65 a 69;1.484;2.177;3661
80007;2021;70 a 74;1.102;1.803;2905
80007;2021;75 e +;1.400;2.850;4250
80008;2021;00 a 04;1.842;1.764;3606
80008;2021;05 a 09;2.126;2.038;4164
80008;2021;10 a 14;1.452;1.410;2862
80008;2021;15 a 19;1.254;1.239;2493
80008;2021;20 a 24;1.327;1.365;2692
80008;2021;25 a 29;1.414;1.373;2787
80008;2021;30 a 34;1.953;1.787;3740
80008;2021;35 a 39;2.373;2.194;4567
80008;2021;40 a 44;2.165;2.126;4291
80008;2021;45 a 49;1.782;1.726;3508
80008;2021;50 a 54;1.414;1.511;2925
80008;2021;55 a 59;1.305;1.532;2837
80008;2021;60 a 64;1.132;1.393;2525
80008;2021;65 a 69;928;1.262;2190
80008;2021;70 a 74;625;971;1596
80008;2021;75 e +;796;1.855;2651
80009;2021;00 a 04;1.396;1.336;2732
80009;2021;05 a 09;1.541;1.475;3016
80009;2021;10 a 14;1.185;1.181;2366
80009;2021;15 a 19;1.137;1.114;2251
80009;2021;20 a 24;1.262;1.246;2508
80009;2021;25 a 29;1.385;1.264;2649
80009;2021;30 a 34;1.754;1.657;3411
80009;2021;35 a 39;1.844;1.870;3714
80009;2021;40 a 44;1.720;1.719;3439
80009;2021;45 a 49;1.334;1.369;2703
80009;2021;50 a 54;1.125;1.217;2342
80009;2021;55 a 59;943;1.126;2069
80009;2021;60 a 64;824;965;1789
80009;2021;65 a 69;642;848;1490
80009;2021;70 a 74;423;633;1056
80009;2021;75 e +;555;1.112;1667
80010;2021;00 a 04;1.273;1.219;2492
80010;2021;05 a 09;1.460;1.402;2862
80010;2021;10 a 14;967;906;1873
80010;2021;15 a 19;893;875;1768
80010;2021;20 a 24;1.004;1.024;2028
80010;2021;25 a 29;1.149;1.079;2228
80010;2021;30 a 34;1.484;1.466;2950
80010;2021;35 a 39;1.659;1.590;3249
80010;2021;40 a 44;1.501;1.455;2956
80010;2021;45 a 49;1.268;1.198;2466
80010;2021;50 a 54;1.034;1.018;2052
80010;2021;55 a 59;849;907;1756
80010;2021;60 a 64;720;827;1547
80010;2021;65 a 69;523;658;1181
80010;2021;70 a 74;378;457;835
80010;2021;75 e +;370;673;1043
80011;2021;00 a 04;11.565;11.047;22612
80011;2021;05 a 09;11.822;11.304;23126
80011;2021;10 a 14;9.636;9.436;19072
80011;2021;15 a 19;10.258;10.221;20479
80011;2021;20 a 24;12.196;12.529;24725
80011;2021;25 a 29;11.595;12.153;23748
80011;2021;30 a 34;11.401;12.102;23503
80011;2021;35 a 39;11.071;11.931;23002
80011;2021;40 a 44;9.786;11.106;20892
80011;2021;45 a 49;8.638;9.795;18433
80011;2021;50 a 54;7.856;8.978;16834
80011;2021;55 a 59;6.358;7.781;14139
80011;2021;60 a 64;5.115;6.452;11567
80011;2021;65 a 69;3.710;4.922;8632
80011;2021;70 a 74;2.466;3.661;6127
80011;2021;75 e +;2.411;4.356;6767
80012;2021;00 a 04;1.286;1.226;2512
80012;2021;05 a 09;1.415;1.350;2765
80012;2021;10 a 14;1.235;1.128;2363
80012;2021;15 a 19;1.191;1.133;2324
80012;2021;20 a 24;1.322;1.300;2622
80012;2021;25 a 29;1.527;1.527;3054
80012;2021;30 a 34;2.251;2.087;4338
80012;2021;35 a 39;2.667;2.673;5340
80012;2021;40 a 44;2.391;2.563;4954
80012;2021;45 a 49;1.922;2.127;4049
80012;2021;50 a 54;1.652;1.901;3553
80012;2021;55 a 59;1.546;1.896;3442
80012;2021;60 a 64;1.416;1.843;3259
80012;2021;65 a 69;1.222;1.724;2946
80012;2021;70 a 74;955;1.433;2388
80012;2021;75 e +;1.372;2.419;3791
80013;2021;00 a 04;5.429;5.177;10606
80013;2021;05 a 09;5.722;5.460;11182
80013;2021;10 a 14;4.869;4.681;9550
80013;2021;15 a 19;5.100;4.830;9930
80013;2021;20 a 24;5.887;5.797;11684
80013;2021;25 a 29;5.838;5.885;11723
80013;2021;30 a 34;5.973;6.103;12076
80013;2021;35 a 39;5.914;6.425;12339
80013;2021;40 a 44;5.412;6.029;11441
80013;2021;45 a 49;4.560;5.244;9804
80013;2021;50 a 54;4.143;4.736;8879
80013;2021;55 a 59;3.519;4.376;7895
80013;2021;60 a 64;3.025;3.830;6855
80013;2021;65 a 69;2.166;2.971;5137
80013;2021;70 a 74;1.411;2.194;3605
80013;2021;75 e +;1.484;2.676;4160
80014;2021;00 a 04;1.198;1.148;2346
80014;2021;05 a 09;1.318;1.262;2580
80014;2021;10 a 14;1.183;1.100;2283
80014;2021;15 a 19;1.137;1.068;2205
80014;2021;20 a 24;1.213;1.216;2429
80014;2021;25 a 29;1.231;1.256;2487
80014;2021;30 a 34;1.413;1.582;2995
80014;2021;35 a 39;1.653;1.869;3522
80014;2021;40 a 44;1.711;1.898;3609
80014;2021;45 a 49;1.517;1.736;3253
80014;2021;50 a 54;1.305;1.449;2754
80014;2021;55 a 59;1.132;1.348;2480
80014;2021;60 a 64;968;1.307;2275
80014;2021;65 a 69;765;1.120;1885
80014;2021;70 a 74;542;849;1391
80014;2021;75 e +;756;1.592;2348
80015;2021;00 a 04;1.550;1.480;3030
80015;2021;05 a 09;1.750;1.669;3419
80015;2021;10 a 14;1.566;1.515;3081
80015;2021;15 a 19;1.453;1.522;2975
80015;2021;20 a 24;1.545;1.621;3166
80015;2021;25 a 29;1.635;1.646;3281
80015;2021;30 a 34;2.022;2.197;4219
80015;2021;35 a 39;2.394;2.753;5147
80015;2021;40 a 44;2.552;2.895;5447
80015;2021;45 a 49;2.308;2.760;5068
80015;2021;50 a 54;2.076;2.348;4424
80015;2021;55 a 59;1.962;2.350;4312
80015;2021;60 a 64;1.786;2.297;4083
80015;2021;65 a 69;1.574;2.125;3699
80015;2021;70 a 74;1.213;1.783;2996
80015;2021;75 e +;1.846;3.267;5113
80016;2021;00 a 04;2.772;2.651;5423
80016;2021;05 a 09;3.060;2.927;5987
80016;2021;10 a 14;2.974;2.842;5816
80016;2021;15 a 19;3.031;2.897;5928
80016;2021;20 a 24;3.434;3.387;6821
80016;2021;25 a 29;3.497;3.448;6945
80016;2021;30 a 34;3.584;3.821;7405
80016;2021;35 a 39;3.958;4.462;8420
80016;2021;40 a 44;4.220;4.918;9138
80016;2021;45 a 49;3.871;4.661;8532
80016;2021;50 a 54;3.685;4.426;8111
80016;2021;55 a 59;3.416;4.157;7573
80016;2021;60 a 64;2.918;3.678;6596
80016;2021;65 a 69;2.220;3.024;5244
80016;2021;70 a 74;1.531;2.339;3870
80016;2021;75 e +;1.843;3.384;5227
80017;2021;00 a 04;8.014;7.659;15673
80017;2021;05 a 09;8.325;7.963;16288
80017;2021;10 a 14;7.715;7.328;15043
80017;2021;15 a 19;7.911;7.618;15529
80017;2021;20 a 24;9.347;9.176;18523
80017;2021;25 a 29;8.946;9.085;18031
80017;2021;30 a 34;9.348;9.782;19130
80017;2021;35 a 39;9.595;10.527;20122
80017;2021;40 a 44;9.202;10.277;19479
80017;2021;45 a 49;8.071;9.030;17101
80017;2021;50 a 54;6.719;7.739;14458
80017;2021;55 a 59;5.280;6.601;11881
80017;2021;60 a 64;4.423;5.717;10140
80017;2021;65 a 69;3.276;4.495;7771
80017;2021;70 a 74;2.167;3.211;5378
80017;2021;75 e +;2.042;3.688;5730
80018;2021;00 a 04;4.609;4.404;9013
80018;2021;05 a 09;4.846;4.636;9482
80018;2021;10 a 14;4.090;3.902;7992
80018;2021;15 a 19;4.290;4.107;8397
80018;2021;20 a 24;5.236;5.112;10348
80018;2021;25 a 29;5.297;5.298;10595
80018;2021;30 a 34;5.646;5.833;11479
80018;2021;35 a 39;5.511;6.044;11555
80018;2021;40 a 44;4.998;5.523;10521
80018;2021;45 a 49;4.429;5.090;9519
80018;2021;50 a 54;4.099;4.801;8900
80018;2021;55 a 59;3.702;4.616;8318
80018;2021;60 a 64;3.153;4.065;7218
80018;2021;65 a 69;2.350;3.288;5638
80018;2021;70 a 74;1.612;2.467;4079
80018;2021;75 e +;1.816;3.421;5237
80019;2021;00 a 04;11.120;10.623;21743
80019;2021;05 a 09;11.425;10.927;22352
80019;2021;10 a 14;10.049;9.589;19638
80019;2021;15 a 19;10.557;10.325;20882
80019;2021;20 a 24;12.388;12.531;24919
80019;2021;25 a 29;12.135;12.312;24447
80019;2021;30 a 34;12.357;13.109;25466
80019;2021;35 a 39;12.355;13.519;25874
80019;2021;40 a 44;11.246;12.791;24037
80019;2021;45 a 49;9.826;11.097;20923
80019;2021;50 a 54;8.463;9.759;18222
80019;2021;55 a 59;6.547;8.361;14908
80019;2021;60 a 64;5.230;7.094;12324
80019;2021;65 a 69;3.996;5.626;9622
80019;2021;70 a 74;2.706;3.966;6672
80019;2021;75 e +;2.389;4.193;6582
80020;2021;00 a 04;2.102;2.009;4111
80020;2021;05 a 09;2.282;2.180;4462
80020;2021;10 a 14;2.107;2.023;4130
80020;2021;15 a 19;2.216;2.194;4410
80020;2021;20 a 24;2.706;2.570;5276
80020;2021;25 a 29;2.892;2.690;5582
80020;2021;30 a 34;3.153;3.098;6251
80020;2021;35 a 39;3.247;3.505;6752
80020;2021;40 a 44;3.178;3.575;6753
80020;2021;45 a 49;2.938;3.332;6270
80020;2021;50 a 54;2.708;3.149;5857
80020;2021;55 a 59;2.662;3.284;5946
80020;2021;60 a 64;2.369;3.042;5411
80020;2021;65 a 69;1.887;2.612;4499
80020;2021;70 a 74;1.402;2.192;3594
80020;2021;75 e +;1.916;3.682;5598
80021;2021;00 a 04;2.644;2.529;5173
80021;2021;05 a 09;2.857;2.735;5592
80021;2021;10 a 14;2.372;2.303;4675
80021;2021;15 a 19;2.397;2.341;4738
80021;2021;20 a 24;2.748;2.807;5555
80021;2021;25 a 29;2.797;2.954;5751
80021;2021;30 a 34;3.327;3.428;6755
80021;2021;35 a 39;3.496;3.825;7321
80021;2021;40 a 44;3.317;3.655;6972
80021;2021;45 a 49;2.733;3.230;5963
80021;2021;50 a 54;2.445;2.911;5356
80021;2021;55 a 59;2.340;2.920;5260
80021;2021;60 a 64;2.128;2.816;4944
80021;2021;65 a 69;1.685;2.431;4116
80021;2021;70 a 74;1.194;1.919;3113
80021;2021;75 e +;1.550;3.127;4677
80022;2021;00 a 04;10.399;9.935;20334
80022;2021;05 a 09;10.836;10.361;21197
80022;2021;10 a 14;9.143;9.084;18227
80022;2021;15 a 19;9.519;9.277;18796
80022;2021;20 a 24;11.110;11.123;22233
80022;2021;25 a 29;11.134;11.444;22578
80022;2021;30 a 34;11.906;12.510;24416
80022;2021;35 a 39;11.924;12.832;24756
80022;2021;40 a 44;11.034;12.293;23327
80022;2021;45 a 49;9.461;10.840;20301
80022;2021;50 a 54;8.176;9.503;17679
80022;2021;55 a 59;6.575;8.268;14843
80022;2021;60 a 64;5.369;7.380;12749
80022;2021;65 a 69;4.174;5.876;10050
80022;2021;70 a 74;2.979;4.309;7288
80022;2021;75 e +;2.968;5.422;8390
80023;2021;00 a 04;6.850;6.535;13385
80023;2021;05 a 09;7.149;6.823;13972
80023;2021;10 a 14;6.255;6.035;12290
80023;2021;15 a 19;6.683;6.557;13240
80023;2021;20 a 24;8.098;7.910;16008
80023;2021;25 a 29;8.031;8.015;16046
80023;2021;30 a 34;8.301;8.563;16864
80023;2021;35 a 39;8.144;8.825;16969
80023;2021;40 a 44;7.591;8.524;16115
80023;2021;45 a 49;6.761;7.607;14368
80023;2021;50 a 54;6.110;6.981;13091
80023;2021;55 a 59;5.129;6.312;11441
80023;2021;60 a 64;4.288;5.704;9992
80023;2021;65 a 69;3.347;4.537;7884
80023;2021;70 a 74;2.384;3.447;5831
80023;2021;75 e +;2.353;3.942;6295
80024;2021;00 a 04;4.503;4.292;8795
80024;2021;05 a 09;4.664;4.446;9110
80024;2021;10 a 14;4.249;4.002;8251
80024;2021;15 a 19;4.478;4.403;8881
80024;2021;20 a 24;5.376;5.197;10573
80024;2021;25 a 29;5.409;5.492;10901
80024;2021;30 a 34;5.539;5.815;11354
80024;2021;35 a 39;5.614;6.016;11630
80024;2021;40 a 44;5.274;5.704;10978
80024;2021;45 a 49;4.625;5.102;9727
80024;2021;50 a 54;4.017;4.551;8568
80024;2021;55 a 59;3.459;4.080;7539
80024;2021;60 a 64;2.979;3.650;6629
80024;2021;65 a 69;2.355;2.926;5281
80024;2021;70 a 74;1.612;2.196;3808
80024;2021;75 e +;1.502;2.396;3898
80025;2021;00 a 04;9.221;8.797;18018
80025;2021;05 a 09;9.022;8.613;17635
80025;2021;10 a 14;8.336;8.318;16654
80025;2021;15 a 19;9.555;9.289;18844
80025;2021;20 a 24;11.258;11.219;22477
80025;2021;25 a 29;10.600;11.047;21647
80025;2021;30 a 34;9.836;10.371;20207
80025;2021;35 a 39;9.374;10.171;19545
80025;2021;40 a 44;8.276;9.492;17768
80025;2021;45 a 49;7.170;8.190;15360
80025;2021;50 a 54;6.090;7.061;13151
80025;2021;55 a 59;4.916;6.362;11278
80025;2021;60 a 64;4.055;5.557;9612
80025;2021;65 a 69;2.982;4.331;7313
80025;2021;70 a 74;1.741;2.788;4529
80025;2021;75 e +;1.310;2.524;3834
80026;2021;00 a 04;1.167;1.118;2285
80026;2021;05 a 09;1.165;1.116;2281
80026;2021;10 a 14;899;870;1769
80026;2021;15 a 19;835;867;1702
80026;2021;20 a 24;994;972;1966
80026;2021;25 a 29;1.417;1.581;2998
80026;2021;30 a 34;2.763;3.056;5819
80026;2021;35 a 39;3.190;3.433;6623
80026;2021;40 a 44;2.622;2.789;5411
80026;2021;45 a 49;2.034;2.160;4194
80026;2021;50 a 54;1.698;1.941;3639
80026;2021;55 a 59;1.736;2.107;3843
80026;2021;60 a 64;1.614;2.153;3767
80026;2021;65 a 69;1.294;2.016;3310
80026;2021;70 a 74;1.059;1.731;2790
80026;2021;75 e +;1.571;3.328;4899
80027;2021;00 a 04;3.102;2.968;6070
80027;2021;05 a 09;3.445;3.297;6742
80027;2021;10 a 14;3.124;2.934;6058
80027;2021;15 a 19;3.055;2.942;5997
80027;2021;20 a 24;3.428;3.239;6667
80027;2021;25 a 29;3.557;3.573;7130
80027;2021;30 a 34;4.125;4.250;8375
80027;2021;35 a 39;4.629;5.010;9639
80027;2021;40 a 44;4.458;5.031;9489
80027;2021;45 a 49;3.813;4.457;8270
80027;2021;50 a 54;3.525;4.079;7604
80027;2021;55 a 59;3.384;4.137;7521
80027;2021;60 a 64;3.111;4.079;7190
80027;2021;65 a 69;2.434;3.517;5951
80027;2021;70 a 74;1.747;2.658;4405
80027;2021;75 e +;2.290;4.533;6823
80028;2021;00 a 04;4.033;3.843;7876
80028;2021;05 a 09;4.209;4.011;8220
80028;2021;10 a 14;3.824;3.680;7504
80028;2021;15 a 19;4.000;3.829;7829
80028;2021;20 a 24;4.751;4.537;9288
80028;2021;25 a 29;4.676;4.705;9381
80028;2021;30 a 34;4.842;5.156;9998
80028;2021;35 a 39;4.819;5.262;10081
80028;2021;40 a 44;4.399;4.931;9330
80028;2021;45 a 49;3.986;4.373;8359
80028;2021;50 a 54;3.655;4.009;7664
80028;2021;55 a 59;3.045;3.614;6659
80028;2021;60 a 64;2.513;3.177;5690
80028;2021;65 a 69;1.984;2.570;4554
80028;2021;70 a 74;1.367;1.764;3131
80028;2021;75 e +;1.340;2.197;3537
80029;2021;00 a 04;4.222;4.038;8260
80029;2021;05 a 09;4.512;4.319;8831
80029;2021;10 a 14;3.767;3.630;7397
80029;2021;15 a 19;3.900;3.826;7726
80029;2021;20 a 24;4.879;4.699;9578
80029;2021;25 a 29;4.940;4.934;9874
80029;2021;30 a 34;5.418;5.550;10968
80029;2021;35 a 39;5.654;6.168;11822
80029;2021;40 a 44;5.345;5.896;11241
80029;2021;45 a 49;4.550;5.273;9823
80029;2021;50 a 54;4.158;4.958;9116
80029;2021;55 a 59;4.005;4.887;8892
80029;2021;60 a 64;3.679;4.727;8406
80029;2021;65 a 69;2.806;3.860;6666
80029;2021;70 a 74;1.922;2.900;4822
80029;2021;75 e +;2.228;4.320;6548
80030;2021;00 a 04;15.384;14.672;30056
80030;2021;05 a 09;15.676;14.968;30644
80030;2021;10 a 14;13.651;13.116;26767
80030;2021;15 a 19;14.744;14.196;28940
80030;2021;20 a 24;17.606;17.456;35062
80030;2021;25 a 29;16.825;17.359;34184
80030;2021;30 a 34;16.362;16.870;33232
80030;2021;35 a 39;15.580;16.948;32528
80030;2021;40 a 44;14.039;15.752;29791
80030;2021;45 a 49;12.484;14.051;26535
80030;2021;50 a 54;11.241;12.736;23977
80030;2021;55 a 59;9.084;10.658;19742
80030;2021;60 a 64;7.065;8.642;15707
80030;2021;65 a 69;5.123;6.317;11440
80030;2021;70 a 74;3.243;4.300;7543
80030;2021;75 e +;2.570;4.016;6586
80031;2021;00 a 04;4.294;4.095;8389
80031;2021;05 a 09;4.337;4.140;8477
80031;2021;10 a 14;3.760;3.604;7364
80031;2021;15 a 19;4.066;3.934;8000
80031;2021;20 a 24;4.786;4.772;9558
80031;2021;25 a 29;4.852;4.784;9636
80031;2021;30 a 34;4.544;4.740;9284
80031;2021;35 a 39;4.280;4.647;8927
80031;2021;40 a 44;3.944;4.287;8231
80031;2021;45 a 49;3.451;3.848;7299
80031;2021;50 a 54;3.070;3.513;6583
80031;2021;55 a 59;2.525;3.020;5545
80031;2021;60 a 64;2.043;2.602;4645
80031;2021;65 a 69;1.545;2.030;3575
80031;2021;70 a 74;1.009;1.383;2392
80031;2021;75 e +;900;1.556;2456
80032;2021;00 a 04;1.848;1.762;3610
80032;2021;05 a 09;2.119;2.022;4141
80032;2021;10 a 14;2.034;1.958;3992
80032;2021;15 a 19;1.863;1.761;3624
80032;2021;20 a 24;1.976;1.922;3898
80032;2021;25 a 29;2.119;2.228;4347
80032;2021;30 a 34;2.586;3.037;5623
80032;2021;35 a 39;3.389;4.112;7501
80032;2021;40 a 44;3.858;4.690;8548
80032;2021;45 a 49;3.539;4.229;7768
80032;2021;50 a 54;3.022;3.492;6514
80032;2021;55 a 59;2.876;3.561;6437
80032;2021;60 a 64;2.724;3.525;6249
80032;2021;65 a 69;2.485;3.269;5754
80032;2021;70 a 74;2.038;2.615;4653
80032;2021;75 e +;2.539;4.319;6858
80033;2021;00 a 04;6.120;5.826;11946
80033;2021;05 a 09;6.071;5.781;11852
80033;2021;10 a 14;5.393;4.984;10377
80033;2021;15 a 19;5.833;5.609;11442
80033;2021;20 a 24;7.020;6.748;13768
80033;2021;25 a 29;6.735;6.813;13548
80033;2021;30 a 34;6.258;6.523;12781
80033;2021;35 a 39;5.861;6.256;12117
80033;2021;40 a 44;5.197;5.623;10820
80033;2021;45 a 49;4.662;5.217;9879
80033;2021;50 a 54;4.441;4.807;9248
80033;2021;55 a 59;3.648;4.130;7778
80033;2021;60 a 64;2.829;3.298;6127
80033;2021;65 a 69;2.061;2.405;4466
80033;2021;70 a 74;1.260;1.593;2853
80033;2021;75 e +;1.048;1.541;2589
80034;2021;00 a 04;3.083;2.951;6034
80034;2021;05 a 09;3.389;3.245;6634
80034;2021;10 a 14;3.008;2.902;5910
80034;2021;15 a 19;3.051;2.921;5972
80034;2021;20 a 24;3.487;3.358;6845
80034;2021;25 a 29;3.653;3.647;7300
80034;2021;30 a 34;4.129;4.299;8428
80034;2021;35 a 39;4.662;4.914;9576
80034;2021;40 a 44;4.484;4.904;9388
80034;2021;45 a 49;3.978;4.543;8521
80034;2021;50 a 54;3.525;4.184;7709
80034;2021;55 a 59;3.256;4.001;7257
80034;2021;60 a 64;2.834;3.783;6617
80034;2021;65 a 69;2.297;3.178;5475
80034;2021;70 a 74;1.624;2.538;4162
80034;2021;75 e +;2.148;4.558;6706
80035;2021;00 a 04;2.243;2.142;4385
80035;2021;05 a 09;2.648;2.530;5178
80035;2021;10 a 14;2.264;2.238;4502
80035;2021;15 a 19;1.868;1.788;3656
80035;2021;20 a 24;1.881;1.773;3654
80035;2021;25 a 29;2.140;2.211;4351
80035;2021;30 a 34;2.934;3.246;6180
80035;2021;35 a 39;4.216;4.798;9014
80035;2021;40 a 44;4.851;5.367;10218
80035;2021;45 a 49;4.125;4.533;8658
80035;2021;50 a 54;3.162;3.590;6752
80035;2021;55 a 59;2.892;3.512;6404
80035;2021;60 a 64;2.688;3.526;6214
80035;2021;65 a 69;2.375;3.370;5745
80035;2021;70 a 74;1.883;2.803;4686
80035;2021;75 e +;2.598;5.050;7648
80036;2021;00 a 04;8.789;8.380;17169
80036;2021;05 a 09;8.897;8.486;17383
80036;2021;10 a 14;7.861;7.834;15695
80036;2021;15 a 19;8.613;8.378;16991
80036;2021;20 a 24;10.583;10.330;20913
80036;2021;25 a 29;10.441;10.450;20891
80036;2021;30 a 34;9.906;10.204;20110
80036;2021;35 a 39;9.207;9.937;19144
80036;2021;40 a 44;8.154;9.074;17228
80036;2021;45 a 49;7.185;8.248;15433
80036;2021;50 a 54;6.598;7.859;14457
80036;2021;55 a 59;5.593;6.849;12442
80036;2021;60 a 64;4.512;5.748;10260
80036;2021;65 a 69;3.270;4.295;7565
80036;2021;70 a 74;2.135;3.003;5138
80036;2021;75 e +;1.943;3.337;5280
80037;2021;00 a 04;7.333;6.998;14331
80037;2021;05 a 09;7.636;7.292;14928
80037;2021;10 a 14;6.743;6.650;13393
80037;2021;15 a 19;7.203;7.036;14239
80037;2021;20 a 24;8.694;8.695;17389
80037;2021;25 a 29;8.531;8.455;16986
80037;2021;30 a 34;8.412;8.634;17046
80037;2021;35 a 39;8.225;8.864;17089
80037;2021;40 a 44;7.738;8.821;16559
80037;2021;45 a 49;7.166;8.063;15229
80037;2021;50 a 54;6.395;7.379;13774
80037;2021;55 a 59;5.321;6.374;11695
80037;2021;60 a 64;4.321;5.516;9837
80037;2021;65 a 69;3.240;4.520;7760
80037;2021;70 a 74;2.250;3.315;5565
80037;2021;75 e +;2.293;4.104;6397
80038;2021;00 a 04;6.946;6.641;13587
80038;2021;05 a 09;7.503;7.181;14684
80038;2021;10 a 14;6.648;6.482;13130
80038;2021;15 a 19;6.743;6.453;13196
80038;2021;20 a 24;7.969;7.727;15696
80038;2021;25 a 29;8.002;8.023;16025
80038;2021;30 a 34;8.759;9.311;18070
80038;2021;35 a 39;9.443;10.456;19899
80038;2021;40 a 44;9.183;10.375;19558
80038;2021;45 a 49;7.788;9.090;16878
80038;2021;50 a 54;7.070;8.256;15326
80038;2021;55 a 59;6.352;7.793;14145
80038;2021;60 a 64;5.296;7.094;12390
80038;2021;65 a 69;4.107;5.765;9872
80038;2021;70 a 74;2.731;4.345;7076
80038;2021;75 e +;3.418;6.735;10153
80039;2021;00 a 04;2.946;2.818;5764
80039;2021;05 a 09;3.042;2.915;5957
80039;2021;10 a 14;2.978;2.872;5850
80039;2021;15 a 19;3.199;3.177;6376
80039;2021;20 a 24;3.786;3.752;7538
80039;2021;25 a 29;3.718;3.714;7432
80039;2021;30 a 34;3.886;3.985;7871
80039;2021;35 a 39;3.970;4.222;8192
80039;2021;40 a 44;3.679;4.071;7750
80039;2021;45 a 49;3.149;3.486;6635
80039;2021;50 a 54;2.721;3.094;5815
80039;2021;55 a 59;2.388;2.962;5350
80039;2021;60 a 64;2.095;2.816;4911
80039;2021;65 a 69;1.617;2.332;3949
80039;2021;70 a 74;1.149;1.778;2927
80039;2021;75 e +;1.294;2.565;3859
80040;2021;00 a 04;660;630;1290
80040;2021;05 a 09;716;685;1401
80040;2021;10 a 14;621;595;1216
80040;2021;15 a 19;647;639;1286
80040;2021;20 a 24;726;776;1502
80040;2021;25 a 29;769;775;1544
80040;2021;30 a 34;929;901;1830
80040;2021;35 a 39;1.021;1.014;2035
80040;2021;40 a 44;967;993;1960
80040;2021;45 a 49;826;869;1695
80040;2021;50 a 54;720;823;1543
80040;2021;55 a 59;688;828;1516
80040;2021;60 a 64;636;829;1465
80040;2021;65 a 69;534;707;1241
80040;2021;70 a 74;403;585;988
80040;2021;75 e +;498;877;1375
80041;2021;00 a 04;1.725;1.648;3373
80041;2021;05 a 09;1.864;1.783;3647
80041;2021;10 a 14;1.733;1.619;3352
80041;2021;15 a 19;1.779;1.723;3502
80041;2021;20 a 24;1.937;1.992;3929
80041;2021;25 a 29;1.949;2.013;3962
80041;2021;30 a 34;2.239;2.155;4394
80041;2021;35 a 39;2.506;2.550;5056
80041;2021;40 a 44;2.409;2.557;4966
80041;2021;45 a 49;2.030;2.234;4264
80041;2021;50 a 54;1.698;1.864;3562
80041;2021;55 a 59;1.417;1.688;3105
80041;2021;60 a 64;1.121;1.420;2541
80041;2021;65 a 69;863;1.180;2043
80041;2021;70 a 74;612;979;1591
80041;2021;75 e +;796;1.474;2270
80042;2021;00 a 04;7.903;7.543;15446
80042;2021;05 a 09;8.044;7.686;15730
80042;2021;10 a 14;7.096;6.810;13906
80042;2021;15 a 19;7.868;7.634;15502
80042;2021;20 a 24;9.537;9.275;18812
80042;2021;25 a 29;9.039;9.011;18050
80042;2021;30 a 34;8.616;9.031;17647
80042;2021;35 a 39;8.407;9.260;17667
80042;2021;40 a 44;7.852;8.890;16742
80042;2021;45 a 49;7.017;7.959;14976
80042;2021;50 a 54;6.231;7.060;13291
80042;2021;55 a 59;5.203;6.246;11449
80042;2021;60 a 64;4.213;5.341;9554
80042;2021;65 a 69;2.996;3.965;6961
80042;2021;70 a 74;1.902;2.669;4571
80042;2021;75 e +;1.635;2.857;4492
80043;2021;00 a 04;13.348;12.740;26088
80043;2021;05 a 09;13.748;13.136;26884
80043;2021;10 a 14;12.592;12.332;24924
80043;2021;15 a 19;13.450;12.897;26347
80043;2021;20 a 24;15.428;15.151;30579
80043;2021;25 a 29;14.240;14.419;28659
80043;2021;30 a 34;13.783;14.286;28069
80043;2021;35 a 39;13.710;14.825;28535
80043;2021;40 a 44;12.610;14.358;26968
80043;2021;45 a 49;11.544;12.609;24153
80043;2021;50 a 54;9.847;11.080;20927
80043;2021;55 a 59;7.272;8.642;15914
80043;2021;60 a 64;5.639;6.989;12628
80043;2021;65 a 69;4.153;5.215;9368
80043;2021;70 a 74;2.664;3.487;6151
80043;2021;75 e +;2.179;3.508;5687
80044;2021;00 a 04;5.547;5.287;10834
80044;2021;05 a 09;5.636;5.376;11012
80044;2021;10 a 14;4.717;4.492;9209
80044;2021;15 a 19;4.896;4.743;9639
80044;2021;20 a 24;5.976;5.865;11841
80044;2021;25 a 29;5.840;5.880;11720
80044;2021;30 a 34;5.599;5.780;11379
80044;2021;35 a 39;5.327;5.639;10966
80044;2021;40 a 44;4.768;5.202;9970
80044;2021;45 a 49;4.231;4.652;8883
80044;2021;50 a 54;3.871;4.218;8089
80044;2021;55 a 59;3.113;3.621;6734
80044;2021;60 a 64;2.448;3.088;5536
80044;2021;65 a 69;1.821;2.362;4183
80044;2021;70 a 74;1.231;1.702;2933
80044;2021;75 e +;1.183;1.936;3119
80045;2021;00 a 04;1.971;1.881;3852
80045;2021;05 a 09;2.218;2.116;4334
80045;2021;10 a 14;1.832;1.709;3541
80045;2021;15 a 19;1.566;1.513;3079
80045;2021;20 a 24;1.663;1.615;3278
80045;2021;25 a 29;1.905;1.992;3897
80045;2021;30 a 34;2.908;3.301;6209
80045;2021;35 a 39;4.077;4.921;8998
80045;2021;40 a 44;4.307;4.986;9293
80045;2021;45 a 49;3.532;3.839;7371
80045;2021;50 a 54;2.949;3.243;6192
80045;2021;55 a 59;2.703;3.357;6060
80045;2021;60 a 64;2.498;3.500;5998
80045;2021;65 a 69;2.159;3.448;5607
80045;2021;70 a 74;1.914;2.819;4733
80045;2021;75 e +;2.790;5.341;8131
80046;2021;00 a 04;10.525;10.045;20570
80046;2021;05 a 09;10.958;10.463;21421
80046;2021;10 a 14;9.537;9.196;18733
80046;2021;15 a 19;10.179;9.798;19977
80046;2021;20 a 24;12.094;11.758;23852
80046;2021;25 a 29;11.680;11.891;23571
80046;2021;30 a 34;12.439;12.754;25193
80046;2021;35 a 39;12.560;13.565;26125
80046;2021;40 a 44;11.660;12.726;24386
80046;2021;45 a 49;10.140;11.254;21394
80046;2021;50 a 54;8.637;9.934;18571
80046;2021;55 a 59;6.822;8.543;15365
80046;2021;60 a 64;5.628;7.156;12784
80046;2021;65 a 69;4.191;5.683;9874
80046;2021;70 a 74;2.759;4.079;6838
80046;2021;75 e +;2.596;4.472;7068
80047;2021;00 a 04;4.171;3.986;8157
80047;2021;05 a 09;4.322;4.134;8456
80047;2021;10 a 14;4.453;4.266;8719
80047;2021;15 a 19;4.831;4.750;9581
80047;2021;20 a 24;5.646;5.562;11208
80047;2021;25 a 29;5.257;5.354;10611
80047;2021;30 a 34;5.169;5.477;10646
80047;2021;35 a 39;5.669;6.123;11792
80047;2021;40 a 44;5.656;6.358;12014
80047;2021;45 a 49;4.761;5.330;10091
80047;2021;50 a 54;3.909;4.584;8493
80047;2021;55 a 59;3.143;4.010;7153
80047;2021;60 a 64;2.647;3.780;6427
80047;2021;65 a 69;2.292;3.490;5782
80047;2021;70 a 74;1.669;2.584;4253
80047;2021;75 e +;1.362;2.657;4019
80048;2021;00 a 04;1.559;1.491;3050
80048;2021;05 a 09;1.764;1.687;3451
80048;2021;10 a 14;1.642;1.514;3156
80048;2021;15 a 19;1.567;1.472;3039
80048;2021;20 a 24;1.660;1.640;3300
80048;2021;25 a 29;1.857;1.763;3620
80048;2021;30 a 34;2.277;2.225;4502
80048;2021;35 a 39;2.699;2.784;5483
80048;2021;40 a 44;2.738;3.064;5802
80048;2021;45 a 49;2.412;2.774;5186
80048;2021;50 a 54;2.170;2.602;4772
80048;2021;55 a 59;2.168;2.636;4804
80048;2021;60 a 64;2.000;2.536;4536
80048;2021;65 a 69;1.598;2.270;3868
80048;2021;70 a 74;1.174;1.876;3050
80048;2021;75 e +;1.776;3.688;5464
80049;2021;00 a 04;1.871;1.788;3659
80049;2021;05 a 09;2.135;2.039;4174
80049;2021;10 a 14;1.703;1.657;3360
80049;2021;15 a 19;1.542;1.525;3067
80049;2021;20 a 24;1.724;1.639;3363
80049;2021;25 a 29;2.084;1.995;4079
80049;2021;30 a 34;2.871;2.957;5828
80049;2021;35 a 39;3.593;3.780;7373
80049;2021;40 a 44;3.375;3.674;7049
80049;2021;45 a 49;2.708;3.215;5923
80049;2021;50 a 54;2.322;2.654;4976
80049;2021;55 a 59;2.016;2.517;4533
80049;2021;60 a 64;1.846;2.480;4326
80049;2021;65 a 69;1.509;2.229;3738
80049;2021;70 a 74;1.181;1.841;3022
80049;2021;75 e +;1.461;2.992;4453
80050;2021;00 a 04;2.698;2.580;5278
80050;2021;05 a 09;2.895;2.769;5664
80050;2021;10 a 14;2.294;2.261;4555
80050;2021;15 a 19;2.260;2.363;4623
80050;2021;20 a 24;2.699;2.686;5385
80050;2021;25 a 29;2.753;2.875;5628
80050;2021;30 a 34;3.172;3.254;6426
80050;2021;35 a 39;3.204;3.494;6698
80050;2021;40 a 44;2.957;3.387;6344
80050;2021;45 a 49;2.533;3.000;5533
80050;2021;50 a 54;2.301;2.616;4917
80050;2021;55 a 59;2.062;2.496;4558
80050;2021;60 a 64;1.822;2.466;4288
80050;2021;65 a 69;1.435;2.151;3586
80050;2021;70 a 74;1.026;1.638;2664
80050;2021;75 e +;1.161;2.360;3521
80051;2021;00 a 04;3.006;2.870;5876
80051;2021;05 a 09;3.198;3.053;6251
80051;2021;10 a 14;2.831;2.744;5575
80051;2021;15 a 19;2.946;2.955;5901
80051;2021;20 a 24;3.636;3.651;7287
80051;2021;25 a 29;3.835;3.890;7725
80051;2021;30 a 34;4.238;4.271;8509
80051;2021;35 a 39;4.291;4.534;8825
80051;2021;40 a 44;4.072;4.580;8652
80051;2021;45 a 49;3.803;4.448;8251
80051;2021;50 a 54;3.637;4.203;7840
80051;2021;55 a 59;3.332;4.170;7502
80051;2021;60 a 64;2.871;3.745;6616
80051;2021;65 a 69;2.156;2.974;5130
80051;2021;70 a 74;1.512;2.393;3905
80051;2021;75 e +;1.895;3.541;5436
80052;2021;00 a 04;275;263;538
80052;2021;05 a 09;259;247;506
80052;2021;10 a 14;269;282;551
80052;2021;15 a 19;344;303;647
80052;2021;20 a 24;439;436;875
80052;2021;25 a 29;419;380;799
80052;2021;30 a 34;367;344;711
80052;2021;35 a 39;301;299;600
80052;2021;40 a 44;270;293;563
80052;2021;45 a 49;231;241;472
80052;2021;50 a 54;254;249;503
80052;2021;55 a 59;231;244;475
80052;2021;60 a 64;215;213;428
80052;2021;65 a 69;171;151;322
80052;2021;70 a 74;114;110;224
80052;2021;75 e +;108;141;249
80053;2021;00 a 04;2.108;2.016;4124
80053;2021;05 a 09;2.334;2.233;4567
80053;2021;10 a 14;2.004;1.965;3969
80053;2021;15 a 19;1.929;1.867;3796
80053;2021;20 a 24;2.173;2.124;4297
80053;2021;25 a 29;2.498;2.452;4950
80053;2021;30 a 34;2.974;2.989;5963
80053;2021;35 a 39;3.280;3.395;6675
80053;2021;40 a 44;3.243;3.475;6718
80053;2021;45 a 49;2.939;3.251;6190
80053;2021;50 a 54;2.758;3.018;5776
80053;2021;55 a 59;2.554;2.953;5507
80053;2021;60 a 64;2.275;2.807;5082
80053;2021;65 a 69;1.840;2.358;4198
80053;2021;70 a 74;1.245;1.891;3136
80053;2021;75 e +;1.783;3.745;5528
80054;2021;00 a 04;1.692;1.610;3302
80054;2021;05 a 09;1.843;1.754;3597
80054;2021;10 a 14;1.467;1.378;2845
80054;2021;15 a 19;1.470;1.481;2951
80054;2021;20 a 24;1.740;1.736;3476
80054;2021;25 a 29;1.712;1.732;3444
80054;2021;30 a 34;1.750;1.960;3710
80054;2021;35 a 39;1.912;2.152;4064
80054;2021;40 a 44;1.913;2.316;4229
80054;2021;45 a 49;1.771;2.215;3986
80054;2021;50 a 54;1.684;2.054;3738
80054;2021;55 a 59;1.558;1.895;3453
80054;2021;60 a 64;1.336;1.692;3028
80054;2021;65 a 69;1.084;1.427;2511
80054;2021;70 a 74;851;1.167;2018
80054;2021;75 e +;1.177;1.752;2929
80055;2021;00 a 04;6.522;6.219;12741
80055;2021;05 a 09;6.473;6.181;12654
80055;2021;10 a 14;5.539;5.318;10857
80055;2021;15 a 19;6.041;5.960;12001
80055;2021;20 a 24;7.352;7.312;14664
80055;2021;25 a 29;6.878;7.035;13913
80055;2021;30 a 34;6.186;6.287;12473
80055;2021;35 a 39;5.746;6.158;11904
80055;2021;40 a 44;5.395;5.896;11291
80055;2021;45 a 49;4.895;5.479;10374
80055;2021;50 a 54;4.419;4.917;9336
80055;2021;55 a 59;3.512;3.988;7500
80055;2021;60 a 64;2.815;3.242;6057
80055;2021;65 a 69;2.019;2.279;4298
80055;2021;70 a 74;1.250;1.583;2833
80055;2021;75 e +;1.053;1.519;2572
80056;2021;00 a 04;723;693;1416
80056;2021;05 a 09;785;754;1539
80056;2021;10 a 14;585;587;1172
80056;2021;15 a 19;559;575;1134
80056;2021;20 a 24;601;637;1238
80056;2021;25 a 29;670;647;1317
80056;2021;30 a 34;822;800;1622
80056;2021;35 a 39;825;839;1664
80056;2021;40 a 44;717;713;1430
80056;2021;45 a 49;583;683;1266
80056;2021;50 a 54;564;602;1166
80056;2021;55 a 59;471;576;1047
80056;2021;60 a 64;394;508;902
80056;2021;65 a 69;291;395;686
80056;2021;70 a 74;236;351;587
80056;2021;75 e +;323;687;1010
80057;2021;00 a 04;2.469;2.349;4818
80057;2021;05 a 09;2.592;2.467;5059
80057;2021;10 a 14;2.367;2.253;4620
80057;2021;15 a 19;2.571;2.446;5017
80057;2021;20 a 24;2.933;2.878;5811
80057;2021;25 a 29;2.883;2.830;5713
80057;2021;30 a 34;2.953;3.003;5956
80057;2021;35 a 39;3.023;3.115;6138
80057;2021;40 a 44;2.654;3.087;5741
80057;2021;45 a 49;2.453;2.637;5090
80057;2021;50 a 54;2.180;2.341;4521
80057;2021;55 a 59;1.711;2.067;3778
80057;2021;60 a 64;1.460;1.821;3281
80057;2021;65 a 69;1.160;1.432;2592
80057;2021;70 a 74;839;1.059;1898
80057;2021;75 e +;767;1.241;2008
80058;2021;00 a 04;5.592;5.336;10928
80058;2021;05 a 09;5.642;5.387;11029
80058;2021;10 a 14;5.443;5.267;10710
80058;2021;15 a 19;5.800;5.702;11502
80058;2021;20 a 24;7.129;6.838;13967
80058;2021;25 a 29;6.991;7.044;14035
80058;2021;30 a 34;6.964;7.162;14126
80058;2021;35 a 39;6.590;7.117;13707
80058;2021;40 a 44;6.065;6.830;12895
80058;2021;45 a 49;5.373;6.026;11399
80058;2021;50 a 54;4.810;5.449;10259
80058;2021;55 a 59;3.894;4.531;8425
80058;2021;60 a 64;3.172;3.868;7040
80058;2021;65 a 69;2.309;2.923;5232
80058;2021;70 a 74;1.549;2.017;3566
80058;2021;75 e +;1.336;2.286;3622
80059;2021;00 a 04;3.587;3.434;7021
80059;2021;05 a 09;3.857;3.695;7552
80059;2021;10 a 14;3.358;3.298;6656
80059;2021;15 a 19;3.512;3.416;6928
80059;2021;20 a 24;4.135;4.072;8207
80059;2021;25 a 29;4.407;4.428;8835
80059;2021;30 a 34;4.945;5.167;10112
80059;2021;35 a 39;5.271;5.503;10774
80059;2021;40 a 44;4.783;5.306;10089
80059;2021;45 a 49;4.256;4.800;9056
80059;2021;50 a 54;3.977;4.707;8684
80059;2021;55 a 59;3.759;4.702;8461
80059;2021;60 a 64;3.318;4.396;7714
80059;2021;65 a 69;2.601;3.738;6339
80059;2021;70 a 74;1.958;3.028;4986
80059;2021;75 e +;2.516;5.135;7651
80060;2021;00 a 04;2.458;2.349;4807
80060;2021;05 a 09;2.708;2.589;5297
80060;2021;10 a 14;2.529;2.422;4951
80060;2021;15 a 19;2.509;2.404;4913
80060;2021;20 a 24;2.648;2.500;5148
80060;2021;25 a 29;2.961;2.921;5882
80060;2021;30 a 34;4.054;4.302;8356
80060;2021;35 a 39;4.892;5.738;10630
80060;2021;40 a 44;5.093;5.776;10869
80060;2021;45 a 49;4.114;4.802;8916
80060;2021;50 a 54;3.639;4.194;7833
80060;2021;55 a 59;3.463;4.369;7832
80060;2021;60 a 64;3.408;4.471;7879
80060;2021;65 a 69;2.988;4.136;7124
80060;2021;70 a 74;2.323;3.501;5824
80060;2021;75 e +;2.850;5.640;8490
80061;2021;00 a 04;3.626;3.445;7071
80061;2021;05 a 09;3.671;3.486;7157
80061;2021;10 a 14;3.056;2.974;6030
80061;2021;15 a 19;3.265;3.187;6452
80061;2021;20 a 24;3.976;3.973;7949
80061;2021;25 a 29;3.866;3.925;7791
80061;2021;30 a 34;3.787;3.843;7630
80061;2021;35 a 39;3.327;3.662;6989
80061;2021;40 a 44;3.135;3.526;6661
80061;2021;45 a 49;2.989;3.203;6192
80061;2021;50 a 54;2.739;2.920;5659
80061;2021;55 a 59;2.184;2.416;4600
80061;2021;60 a 64;1.682;1.932;3614
80061;2021;65 a 69;1.210;1.431;2641
80061;2021;70 a 74;789;1.034;1823
80061;2021;75 e +;724;1.127;1851
80062;2021;00 a 04;1.388;1.327;2715
80062;2021;05 a 09;1.600;1.531;3131
80062;2021;10 a 14;1.439;1.313;2752
80062;2021;15 a 19;1.297;1.239;2536
80062;2021;20 a 24;1.344;1.320;2664
80062;2021;25 a 29;1.452;1.494;2946
80062;2021;30 a 34;2.058;2.179;4237
80062;2021;35 a 39;2.942;3.285;6227
80062;2021;40 a 44;3.071;3.465;6536
80062;2021;45 a 49;2.488;2.871;5359
80062;2021;50 a 54;2.106;2.563;4669
80062;2021;55 a 59;2.023;2.599;4622
80062;2021;60 a 64;1.842;2.569;4411
80062;2021;65 a 69;1.617;2.410;4027
80062;2021;70 a 74;1.263;1.965;3228
80062;2021;75 e +;1.834;3.882;5716
80063;2021;00 a 04;5.248;5.013;10261
80063;2021;05 a 09;5.594;5.349;10943
80063;2021;10 a 14;5.065;4.756;9821
80063;2021;15 a 19;5.203;4.904;10107
80063;2021;20 a 24;6.124;5.873;11997
80063;2021;25 a 29;6.193;6.199;12392
80063;2021;30 a 34;6.670;6.873;13543
80063;2021;35 a 39;7.003;7.439;14442
80063;2021;40 a 44;6.551;7.184;13735
80063;2021;45 a 49;5.569;6.489;12058
80063;2021;50 a 54;5.263;6.052;11315
80063;2021;55 a 59;4.830;5.866;10696
80063;2021;60 a 64;4.209;5.415;9624
80063;2021;65 a 69;3.250;4.409;7659
80063;2021;70 a 74;2.237;3.318;5555
80063;2021;75 e +;2.523;4.682;7205
80064;2021;00 a 04;2.617;2.504;5121
80064;2021;05 a 09;2.763;2.647;5410
80064;2021;10 a 14;2.553;2.465;5018
80064;2021;15 a 19;2.710;2.618;5328
80064;2021;20 a 24;3.316;3.218;6534
80064;2021;25 a 29;3.321;3.272;6593
80064;2021;30 a 34;3.513;3.693;7206
80064;2021;35 a 39;3.673;3.883;7556
80064;2021;40 a 44;3.230;3.604;6834
80064;2021;45 a 49;2.796;3.235;6031
80064;2021;50 a 54;2.683;3.136;5819
80064;2021;55 a 59;2.452;3.121;5573
80064;2021;60 a 64;2.238;2.983;5221
80064;2021;65 a 69;1.745;2.402;4147
80064;2021;70 a 74;1.208;1.842;3050
80064;2021;75 e +;1.421;2.712;4133
80065;2021;00 a 04;3.949;3.765;7714
80065;2021;05 a 09;4.194;3.998;8192
80065;2021;10 a 14;3.479;3.354;6833
80065;2021;15 a 19;3.696;3.628;7324
80065;2021;20 a 24;4.153;4.090;8243
80065;2021;25 a 29;4.116;4.092;8208
80065;2021;30 a 34;4.096;4.398;8494
80065;2021;35 a 39;4.338;4.867;9205
80065;2021;40 a 44;4.199;4.919;9118
80065;2021;45 a 49;3.626;4.252;7878
80065;2021;50 a 54;3.127;3.590;6717
80065;2021;55 a 59;2.481;3.080;5561
80065;2021;60 a 64;1.984;2.771;4755
80065;2021;65 a 69;1.601;2.278;3879
80065;2021;70 a 74;1.152;1.704;2856
80065;2021;75 e +;1.118;1.872;2990
80066;2021;00 a 04;1.640;1.571;3211
80066;2021;05 a 09;1.881;1.807;3688
80066;2021;10 a 14;1.319;1.383;2702
80066;2021;15 a 19;1.190;1.152;2342
80066;2021;20 a 24;1.267;1.279;2546
80066;2021;25 a 29;1.558;1.605;3163
80066;2021;30 a 34;2.820;2.598;5418
80066;2021;35 a 39;3.710;3.308;7018
80066;2021;40 a 44;3.456;2.981;6437
80066;2021;45 a 49;2.950;2.404;5354
80066;2021;50 a 54;2.542;2.080;4622
80066;2021;55 a 59;2.063;1.943;4006
80066;2021;60 a 64;1.662;1.847;3509
80066;2021;65 a 69;1.226;1.621;2847
80066;2021;70 a 74;833;1.323;2156
80066;2021;75 e +;936;2.001;2937
80067;2021;00 a 04;4.569;4.357;8926
80067;2021;05 a 09;4.992;4.758;9750
80067;2021;10 a 14;3.643;3.605;7248
80067;2021;15 a 19;3.746;3.558;7304
80067;2021;20 a 24;4.233;4.166;8399
80067;2021;25 a 29;4.284;4.251;8535
80067;2021;30 a 34;4.848;4.949;9797
80067;2021;35 a 39;5.208;5.551;10759
80067;2021;40 a 44;4.821;5.390;10211
80067;2021;45 a 49;4.132;4.663;8795
80067;2021;50 a 54;3.789;4.179;7968
80067;2021;55 a 59;3.313;3.881;7194
80067;2021;60 a 64;2.723;3.522;6245
80067;2021;65 a 69;2.086;2.755;4841
80067;2021;70 a 74;1.455;2.100;3555
80067;2021;75 e +;1.645;2.861;4506
80068;2021;00 a 04;7.927;7.573;15500
80068;2021;05 a 09;8.349;7.983;16332
80068;2021;10 a 14;7.967;7.480;15447
80068;2021;15 a 19;8.262;8.010;16272
80068;2021;20 a 24;9.510;9.418;18928
80068;2021;25 a 29;9.837;9.844;19681
80068;2021;30 a 34;10.697;10.922;21619
80068;2021;35 a 39;11.382;12.077;23459
80068;2021;40 a 44;10.597;11.609;22206
80068;2021;45 a 49;9.076;10.313;19389
80068;2021;50 a 54;8.172;9.193;17365
80068;2021;55 a 59;7.118;8.752;15870
80068;2021;60 a 64;6.091;7.689;13780
80068;2021;65 a 69;4.617;6.212;10829
80068;2021;70 a 74;3.083;4.627;7710
80068;2021;75 e +;3.536;6.763;10299
80069;2021;00 a 04;2.290;2.188;4478
80069;2021;05 a 09;2.548;2.434;4982
80069;2021;10 a 14;2.011;1.900;3911
80069;2021;15 a 19;1.850;1.748;3598
80069;2021;20 a 24;2.074;2.000;4074
80069;2021;25 a 29;2.394;2.455;4849
80069;2021;30 a 34;3.418;3.714;7132
80069;2021;35 a 39;4.290;4.681;8971
80069;2021;40 a 44;3.990;4.457;8447
80069;2021;45 a 49;3.459;3.569;7028
80069;2021;50 a 54;3.040;3.269;6309
80069;2021;55 a 59;2.726;3.102;5828
80069;2021;60 a 64;2.305;3.048;5353
80069;2021;65 a 69;1.874;2.696;4570
80069;2021;70 a 74;1.385;2.175;3560
80069;2021;75 e +;1.777;3.745;5522
80070;2021;00 a 04;2.814;2.698;5512
80070;2021;05 a 09;3.087;2.962;6049
80070;2021;10 a 14;2.472;2.411;4883
80070;2021;15 a 19;2.458;2.385;4843
80070;2021;20 a 24;2.983;2.945;5928
80070;2021;25 a 29;3.379;3.360;6739
80070;2021;30 a 34;3.924;4.603;8527
80070;2021;35 a 39;4.328;5.407;9735
80070;2021;40 a 44;4.005;5.116;9121
80070;2021;45 a 49;3.528;4.421;7949
80070;2021;50 a 54;3.364;4.245;7609
80070;2021;55 a 59;3.439;4.481;7920
80070;2021;60 a 64;3.261;4.523;7784
80070;2021;65 a 69;2.756;4.019;6775
80070;2021;70 a 74;2.030;3.139;5169
80070;2021;75 e +;2.604;5.519;8123
80071;2021;00 a 04;1.688;1.610;3298
80071;2021;05 a 09;1.903;1.817;3720
80071;2021;10 a 14;1.746;1.749;3495
80071;2021;15 a 19;1.805;1.790;3595
80071;2021;20 a 24;2.108;1.936;4044
80071;2021;25 a 29;2.198;2.090;4288
80071;2021;30 a 34;2.426;2.468;4894
80071;2021;35 a 39;2.827;2.917;5744
80071;2021;40 a 44;2.855;3.268;6123
80071;2021;45 a 49;2.711;3.181;5892
80071;2021;50 a 54;2.475;2.929;5404
80071;2021;55 a 59;2.471;2.855;5326
80071;2021;60 a 64;2.196;2.729;4925
80071;2021;65 a 69;1.842;2.463;4305
80071;2021;70 a 74;1.427;2.133;3560
80071;2021;75 e +;2.065;3.727;5792
80072;2021;00 a 04;3.857;3.689;7546
80072;2021;05 a 09;4.028;3.857;7885
80072;2021;10 a 14;3.941;3.838;7779
80072;2021;15 a 19;4.139;4.001;8140
80072;2021;20 a 24;4.752;4.618;9370
80072;2021;25 a 29;4.996;4.986;9982
80072;2021;30 a 34;5.651;5.685;11336
80072;2021;35 a 39;5.983;6.127;12110
80072;2021;40 a 44;5.411;5.927;11338
80072;2021;45 a 49;4.758;5.336;10094
80072;2021;50 a 54;4.377;5.106;9483
80072;2021;55 a 59;4.360;5.231;9591
80072;2021;60 a 64;3.736;4.674;8410
80072;2021;65 a 69;2.883;3.948;6831
80072;2021;70 a 74;2.051;3.164;5215
80072;2021;75 e +;2.738;5.034;7772
80073;2021;00 a 04;5.230;4.989;10219
80073;2021;05 a 09;5.497;5.249;10746
80073;2021;10 a 14;4.810;4.557;9367
80073;2021;15 a 19;5.137;4.872;10009
80073;2021;20 a 24;6.209;6.088;12297
80073;2021;25 a 29;6.152;6.030;12182
80073;2021;30 a 34;6.346;6.420;12766
80073;2021;35 a 39;6.347;6.736;13083
80073;2021;40 a 44;5.701;6.184;11885
80073;2021;45 a 49;5.102;5.638;10740
80073;2021;50 a 54;4.631;5.273;9904
80073;2021;55 a 59;4.077;4.904;8981
80073;2021;60 a 64;3.474;4.325;7799
80073;2021;65 a 69;2.679;3.351;6030
80073;2021;70 a 74;1.854;2.542;4396
80073;2021;75 e +;2.008;3.315;5323
80074;2021;00 a 04;3.422;3.271;6693
80074;2021;05 a 09;3.610;3.454;7064
80074;2021;10 a 14;2.729;2.624;5353
80074;2021;15 a 19;2.808;2.686;5494
80074;2021;20 a 24;3.440;3.456;6896
80074;2021;25 a 29;3.471;3.468;6939
80074;2021;30 a 34;3.561;3.769;7330
80074;2021;35 a 39;3.433;3.613;7046
80074;2021;40 a 44;2.943;3.337;6280
80074;2021;45 a 49;2.741;3.029;5770
80074;2021;50 a 54;2.600;3.002;5602
80074;2021;55 a 59;2.304;2.819;5123
80074;2021;60 a 64;1.931;2.461;4392
80074;2021;65 a 69;1.412;1.882;3294
80074;2021;70 a 74;982;1.404;2386
80074;2021;75 e +;1.190;2.171;3361
80075;2021;00 a 04;5.607;5.342;10949
80075;2021;05 a 09;5.660;5.394;11054
80075;2021;10 a 14;5.612;5.438;11050
80075;2021;15 a 19;6.419;6.157;12576
80075;2021;20 a 24;7.360;7.196;14556
80075;2021;25 a 29;6.936;6.728;13664
80075;2021;30 a 34;6.448;6.484;12932
80075;2021;35 a 39;6.104;6.677;12781
80075;2021;40 a 44;5.872;6.440;12312
80075;2021;45 a 49;5.560;5.938;11498
80075;2021;50 a 54;5.022;5.341;10363
80075;2021;55 a 59;4.049;4.508;8557
80075;2021;60 a 64;3.074;3.520;6594
80075;2021;65 a 69;2.224;2.692;4916
80075;2021;70 a 74;1.481;2.028;3509
80075;2021;75 e +;1.489;2.233;3722
80076;2021;00 a 04;9.785;9.346;19131
80076;2021;05 a 09;10.162;9.713;19875
80076;2021;10 a 14;9.127;8.779;17906
80076;2021;15 a 19;9.826;9.405;19231
80076;2021;20 a 24;11.616;11.386;23002
80076;2021;25 a 29;11.574;11.706;23280
80076;2021;30 a 34;12.231;12.277;24508
80076;2021;35 a 39;11.808;12.609;24417
80076;2021;40 a 44;10.666;11.415;22081
80076;2021;45 a 49;9.367;10.279;19646
80076;2021;50 a 54;8.339;9.704;18043
80076;2021;55 a 59;7.383;9.122;16505
80076;2021;60 a 64;6.323;8.003;14326
80076;2021;65 a 69;4.879;6.308;11187
80076;2021;70 a 74;3.293;4.782;8075
80076;2021;75 e +;3.305;5.887;9192
80077;2021;00 a 04;2.985;2.854;5839
80077;2021;05 a 09;3.433;3.282;6715
80077;2021;10 a 14;2.993;2.938;5931
80077;2021;15 a 19;2.798;2.825;5623
80077;2021;20 a 24;3.056;3.039;6095
80077;2021;25 a 29;3.366;3.390;6756
80077;2021;30 a 34;4.485;4.581;9066
80077;2021;35 a 39;5.737;6.292;12029
80077;2021;40 a 44;5.891;6.627;12518
80077;2021;45 a 49;4.881;5.684;10565
80077;2021;50 a 54;4.410;5.160;9570
80077;2021;55 a 59;4.154;5.232;9386
80077;2021;60 a 64;3.974;5.318;9292
80077;2021;65 a 69;3.343;4.758;8101
80077;2021;70 a 74;2.440;3.861;6301
80077;2021;75 e +;3.376;6.869;10245
80078;2021;00 a 04;1.037;986;2023
80078;2021;05 a 09;1.184;1.129;2313
80078;2021;10 a 14;675;662;1337
80078;2021;15 a 19;699;692;1391
80078;2021;20 a 24;836;819;1655
80078;2021;25 a 29;882;937;1819
80078;2021;30 a 34;1.191;1.262;2453
80078;2021;35 a 39;1.332;1.334;2666
80078;2021;40 a 44;1.198;1.289;2487
80078;2021;45 a 49;1.173;1.174;2347
80078;2021;50 a 54;965;903;1868
80078;2021;55 a 59;720;660;1380
80078;2021;60 a 64;529;575;1104
80078;2021;65 a 69;354;427;781
80078;2021;70 a 74;213;338;551
80078;2021;75 e +;235;465;700
80079;2021;00 a 04;940;901;1841
80079;2021;05 a 09;1.034;993;2027
80079;2021;10 a 14;869;803;1672
80079;2021;15 a 19;954;873;1827
80079;2021;20 a 24;1.075;1.042;2117
80079;2021;25 a 29;1.138;1.131;2269
80079;2021;30 a 34;1.311;1.293;2604
80079;2021;35 a 39;1.402;1.581;2983
80079;2021;40 a 44;1.312;1.551;2863
80079;2021;45 a 49;1.230;1.412;2642
80079;2021;50 a 54;1.100;1.312;2412
80079;2021;55 a 59;1.092;1.334;2426
80079;2021;60 a 64;983;1.254;2237
80079;2021;65 a 69;802;1.137;1939
80079;2021;70 a 74;614;947;1561
80079;2021;75 e +;857;1.594;2451
80080;2021;00 a 04;2.259;2.163;4422
80080;2021;05 a 09;2.466;2.364;4830
80080;2021;10 a 14;2.136;2.134;4270
80080;2021;15 a 19;2.379;2.238;4617
80080;2021;20 a 24;2.831;2.689;5520
80080;2021;25 a 29;3.049;3.057;6106
80080;2021;30 a 34;3.394;3.635;7029
80080;2021;35 a 39;3.666;4.093;7759
80080;2021;40 a 44;3.566;4.150;7716
80080;2021;45 a 49;3.325;3.941;7266
80080;2021;50 a 54;3.238;3.763;7001
80080;2021;55 a 59;3.281;3.924;7205
80080;2021;60 a 64;2.846;3.670;6516
80080;2021;65 a 69;2.249;3.103;5352
80080;2021;70 a 74;1.579;2.364;3943
80080;2021;75 e +;2.124;4.471;6595
80081;2021;00 a 04;8.133;7.761;15894
80081;2021;05 a 09;8.337;7.963;16300
80081;2021;10 a 14;7.127;6.893;14020
80081;2021;15 a 19;7.653;7.368;15021
80081;2021;20 a 24;9.191;9.116;18307
80081;2021;25 a 29;9.167;9.270;18437
80081;2021;30 a 34;9.046;9.317;18363
80081;2021;35 a 39;8.807;9.384;18191
80081;2021;40 a 44;8.173;8.911;17084
80081;2021;45 a 49;7.423;8.392;15815
80081;2021;50 a 54;6.721;7.607;14328
80081;2021;55 a 59;5.758;6.661;12419
80081;2021;60 a 64;4.732;5.741;10473
80081;2021;65 a 69;3.554;4.614;8168
80081;2021;70 a 74;2.385;3.382;5767
80081;2021;75 e +;2.509;4.416;6925
80082;2021;00 a 04;2.367;2.265;4632
80082;2021;05 a 09;2.541;2.432;4973
80082;2021;10 a 14;2.302;2.151;4453
80082;2021;15 a 19;2.350;2.274;4624
80082;2021;20 a 24;2.782;2.693;5475
80082;2021;25 a 29;3.067;3.072;6139
80082;2021;30 a 34;3.719;3.810;7529
80082;2021;35 a 39;3.973;4.303;8276
80082;2021;40 a 44;3.695;4.108;7803
80082;2021;45 a 49;3.195;3.523;6718
80082;2021;50 a 54;2.916;3.395;6311
80082;2021;55 a 59;2.812;3.565;6377
80082;2021;60 a 64;2.662;3.695;6357
80082;2021;65 a 69;2.239;3.301;5540
80082;2021;70 a 74;1.581;2.596;4177
80082;2021;75 e +;2.170;4.511;6681
80083;2021;00 a 04;5.448;5.188;10636
80083;2021;05 a 09;5.458;5.208;10666
80083;2021;10 a 14;5.597;5.474;11071
80083;2021;15 a 19;6.149;6.025;12174
80083;2021;20 a 24;6.966;7.021;13987
80083;2021;25 a 29;6.702;6.999;13701
80083;2021;30 a 34;7.331;7.287;14618
80083;2021;35 a 39;7.251;7.415;14666
80083;2021;40 a 44;6.732;7.538;14270
80083;2021;45 a 49;6.186;6.654;12840
80083;2021;50 a 54;5.093;5.663;10756
80083;2021;55 a 59;4.132;4.612;8744
80083;2021;60 a 64;3.215;3.405;6620
80083;2021;65 a 69;2.144;2.508;4652
80083;2021;70 a 74;1.387;1.791;3178
80083;2021;75 e +;1.371;2.054;3425
80084;2021;00 a 04;5.385;5.134;10519
80084;2021;05 a 09;5.422;5.173;10595
80084;2021;10 a 14;5.028;4.790;9818
80084;2021;15 a 19;5.580;5.392;10972
80084;2021;20 a 24;6.887;6.697;13584
80084;2021;25 a 29;6.755;6.730;13485
80084;2021;30 a 34;6.314;6.574;12888
80084;2021;35 a 39;6.194;6.403;12597
80084;2021;40 a 44;5.346;6.029;11375
80084;2021;45 a 49;5.000;5.684;10684
80084;2021;50 a 54;4.501;5.195;9696
80084;2021;55 a 59;3.756;4.461;8217
80084;2021;60 a 64;2.998;3.659;6657
80084;2021;65 a 69;2.210;2.892;5102
80084;2021;70 a 74;1.509;2.200;3709
80084;2021;75 e +;1.602;2.655;4257
80085;2021;00 a 04;2.464;2.360;4824
80085;2021;05 a 09;2.574;2.469;5043
80085;2021;10 a 14;2.445;2.234;4679
80085;2021;15 a 19;2.546;2.461;5007
80085;2021;20 a 24;3.151;3.036;6187
80085;2021;25 a 29;3.330;3.247;6577
80085;2021;30 a 34;3.675;3.698;7373
80085;2021;35 a 39;3.731;3.918;7649
80085;2021;40 a 44;3.342;3.739;7081
80085;2021;45 a 49;2.985;3.373;6358
80085;2021;50 a 54;2.853;3.350;6203
80085;2021;55 a 59;2.902;3.525;6427
80085;2021;60 a 64;2.686;3.369;6055
80085;2021;65 a 69;2.115;2.883;4998
80085;2021;70 a 74;1.473;2.299;3772
80085;2021;75 e +;1.944;3.776;5720
80086;2021;00 a 04;1.780;1.702;3482
80086;2021;05 a 09;1.992;1.906;3898
80086;2021;10 a 14;1.573;1.516;3089
80086;2021;15 a 19;1.633;1.453;3086
80086;2021;20 a 24;1.776;1.717;3493
80086;2021;25 a 29;1.739;1.766;3505
80086;2021;30 a 34;2.040;2.108;4148
80086;2021;35 a 39;2.339;2.456;4795
80086;2021;40 a 44;2.228;2.572;4800
80086;2021;45 a 49;2.003;2.214;4217
80086;2021;50 a 54;1.741;1.943;3684
80086;2021;55 a 59;1.552;1.932;3484
80086;2021;60 a 64;1.436;1.878;3314
80086;2021;65 a 69;1.152;1.630;2782
80086;2021;70 a 74;798;1.314;2112
80086;2021;75 e +;1.072;2.252;3324
80087;2021;00 a 04;4.621;4.396;9017
80087;2021;05 a 09;4.625;4.399;9024
80087;2021;10 a 14;4.808;4.630;9438
80087;2021;15 a 19;5.237;5.103;10340
80087;2021;20 a 24;6.303;6.204;12507
80087;2021;25 a 29;6.188;6.347;12535
80087;2021;30 a 34;6.327;6.517;12844
80087;2021;35 a 39;6.057;6.496;12553
80087;2021;40 a 44;5.400;5.939;11339
80087;2021;45 a 49;4.761;5.266;10027
80087;2021;50 a 54;4.321;4.859;9180
80087;2021;55 a 59;3.787;4.397;8184
80087;2021;60 a 64;3.097;3.892;6989
80087;2021;65 a 69;2.279;2.932;5211
80087;2021;70 a 74;1.425;2.025;3450
80087;2021;75 e +;1.371;2.271;3642
80088;2021;00 a 04;1.129;1.077;2206
80088;2021;05 a 09;1.264;1.207;2471
80088;2021;10 a 14;1.274;1.214;2488
80088;2021;15 a 19;1.212;1.200;2412
80088;2021;20 a 24;1.357;1.310;2667
80088;2021;25 a 29;1.435;1.372;2807
80088;2021;30 a 34;1.804;1.476;3280
80088;2021;35 a 39;2.093;1.825;3918
80088;2021;40 a 44;2.249;2.216;4465
80088;2021;45 a 49;2.140;2.113;4253
80088;2021;50 a 54;1.716;1.708;3424
80088;2021;55 a 59;1.487;1.607;3094
80088;2021;60 a 64;1.178;1.326;2504
80088;2021;65 a 69;872;1.046;1918
80088;2021;70 a 74;591;787;1378
80088;2021;75 e +;738;1.355;2093
80089;2021;00 a 04;3.984;3.811;7795
80089;2021;05 a 09;4.229;4.050;8279
80089;2021;10 a 14;3.467;3.414;6881
80089;2021;15 a 19;3.660;3.447;7107
80089;2021;20 a 24;4.112;4.096;8208
80089;2021;25 a 29;4.257;4.209;8466
80089;2021;30 a 34;4.750;4.785;9535
80089;2021;35 a 39;4.947;5.121;10068
80089;2021;40 a 44;4.337;4.689;9026
80089;2021;45 a 49;3.745;3.960;7705
80089;2021;50 a 54;3.259;3.637;6896
80089;2021;55 a 59;2.820;3.446;6266
80089;2021;60 a 64;2.423;3.109;5532
80089;2021;65 a 69;1.856;2.524;4380
80089;2021;70 a 74;1.222;2.006;3228
80089;2021;75 e +;1.560;3.148;4708
80090;2021;00 a 04;2.901;2.769;5670
80090;2021;05 a 09;3.213;3.064;6277
80090;2021;10 a 14;2.652;2.600;5252
80090;2021;15 a 19;2.573;2.349;4922
80090;2021;20 a 24;2.772;2.563;5335
80090;2021;25 a 29;3.227;3.279;6506
80090;2021;30 a 34;4.721;5.032;9753
80090;2021;35 a 39;6.190;6.957;13147
80090;2021;40 a 44;5.909;6.760;12669
80090;2021;45 a 49;4.651;5.400;10051
80090;2021;50 a 54;4.016;4.772;8788
80090;2021;55 a 59;3.993;5.055;9048
80090;2021;60 a 64;3.844;5.265;9109
80090;2021;65 a 69;3.402;5.020;8422
80090;2021;70 a 74;2.716;4.039;6755
80090;2021;75 e +;3.472;6.852;10324
80091;2021;00 a 04;2.898;2.771;5669
80091;2021;05 a 09;3.077;2.946;6023
80091;2021;10 a 14;2.863;2.785;5648
80091;2021;15 a 19;2.996;2.948;5944
80091;2021;20 a 24;3.630;3.497;7127
80091;2021;25 a 29;3.874;3.688;7562
80091;2021;30 a 34;4.172;4.184;8356
80091;2021;35 a 39;4.283;4.452;8735
80091;2021;40 a 44;3.942;4.377;8319
80091;2021;45 a 49;3.435;4.043;7478
80091;2021;50 a 54;3.226;3.823;7049
80091;2021;55 a 59;3.080;3.698;6778
80091;2021;60 a 64;2.687;3.496;6183
80091;2021;65 a 69;2.135;3.036;5171
80091;2021;70 a 74;1.488;2.350;3838
80091;2021;75 e +;1.929;3.707;5636
80092;2021;00 a 04;3.924;3.756;7680
80092;2021;05 a 09;4.185;4.012;8197
80092;2021;10 a 14;3.608;3.439;7047
80092;2021;15 a 19;3.662;3.491;7153
80092;2021;20 a 24;4.279;4.226;8505
80092;2021;25 a 29;4.385;4.488;8873
80092;2021;30 a 34;4.923;5.210;10133
80092;2021;35 a 39;5.119;5.394;10513
80092;2021;40 a 44;4.462;4.908;9370
80092;2021;45 a 49;3.809;4.274;8083
80092;2021;50 a 54;3.403;4.106;7509
80092;2021;55 a 59;3.239;3.978;7217
80092;2021;60 a 64;2.884;4.011;6895
80092;2021;65 a 69;2.298;3.261;5559
80092;2021;70 a 74;1.612;2.610;4222
80092;2021;75 e +;2.097;4.081;6178
80093;2021;00 a 04;2.758;2.640;5398
80093;2021;05 a 09;2.948;2.825;5773
80093;2021;10 a 14;2.688;2.657;5345
80093;2021;15 a 19;2.700;2.679;5379
80093;2021;20 a 24;3.207;3.176;6383
80093;2021;25 a 29;3.458;3.481;6939
80093;2021;30 a 34;4.209;4.104;8313
80093;2021;35 a 39;4.501;4.562;9063
80093;2021;40 a 44;4.183;4.430;8613
80093;2021;45 a 49;3.461;3.952;7413
80093;2021;50 a 54;3.203;3.709;6912
80093;2021;55 a 59;3.177;3.768;6945
80093;2021;60 a 64;2.825;3.629;6454
80093;2021;65 a 69;2.250;3.088;5338
80093;2021;70 a 74;1.636;2.445;4081
80093;2021;75 e +;2.072;4.195;6267
80094;2021;00 a 04;3.890;3.710;7600
80094;2021;05 a 09;4.219;4.024;8243
80094;2021;10 a 14;3.603;3.419;7022
80094;2021;15 a 19;3.617;3.528;7145
80094;2021;20 a 24;4.145;3.952;8097
80094;2021;25 a 29;4.252;4.332;8584
80094;2021;30 a 34;4.733;5.014;9747
80094;2021;35 a 39;5.094;5.573;10667
80094;2021;40 a 44;4.876;5.534;10410
80094;2021;45 a 49;4.212;4.855;9067
80094;2021;50 a 54;3.724;4.256;7980
80094;2021;55 a 59;3.247;3.802;7049
80094;2021;60 a 64;2.815;3.459;6274
80094;2021;65 a 69;2.218;2.995;5213
80094;2021;70 a 74;1.616;2.394;4010
80094;2021;75 e +;2.006;3.350;5356
80095;2021;00 a 04;2.533;2.419;4952
80095;2021;05 a 09;2.683;2.565;5248
80095;2021;10 a 14;2.559;2.445;5004
80095;2021;15 a 19;2.628;2.641;5269
80095;2021;20 a 24;3.067;3.077;6144
80095;2021;25 a 29;3.156;3.156;6312
80095;2021;30 a 34;3.410;3.444;6854
80095;2021;35 a 39;3.542;3.745;7287
80095;2021;40 a 44;3.262;3.643;6905
80095;2021;45 a 49;2.887;3.302;6189
80095;2021;50 a 54;2.760;3.108;5868
80095;2021;55 a 59;2.503;2.907;5410
80095;2021;60 a 64;2.109;2.613;4722
80095;2021;65 a 69;1.579;2.137;3716
80095;2021;70 a 74;1.168;1.683;2851
80095;2021;75 e +;1.350;2.423;3773
80096;2021;00 a 04;6.937;6.603;13540
80096;2021;05 a 09;6.986;6.653;13639
80096;2021;10 a 14;6.225;5.907;12132
80096;2021;15 a 19;6.493;6.323;12816
80096;2021;20 a 24;7.955;8.011;15966
80096;2021;25 a 29;7.816;8.003;15819
80096;2021;30 a 34;7.503;7.719;15222
80096;2021;35 a 39;6.849;7.209;14058
80096;2021;40 a 44;5.987;6.643;12630
80096;2021;45 a 49;5.561;6.133;11694
80096;2021;50 a 54;4.882;5.535;10417
80096;2021;55 a 59;3.910;4.617;8527
80096;2021;60 a 64;3.194;3.862;7056
80096;2021;65 a 69;2.321;2.881;5202
80096;2021;70 a 74;1.495;1.968;3463
80096;2021;75 e +;1.329;2.122;3451
